Name,Exp,Rep,Num Enc,Num Dec,Num Res,Num LN,Num AVGP,Num Dense,Num ReLu,Config File,Model,TNN Out Expected,Activated Bounds/Cuts,TNN Out,Enc Seq Len,Pred Len,Overlap,TNN Model Dims,TNN Head Dims,TNN Head Size,TNN Input Dim,Config,Framework,Solver,Time Limit (seconds),Num Threads,Num Vars,Num Constraints,Num Cont Vars,Num Int Vars,Num Bin Vars,Run Time (s),Run Time (wu),Num Iters,Num Nodes Expl,Num Solns,Opt Gap,Obj Value,RNR Obj Value,RNR Iters
.\Experiments\Track_k_e_2_reruns\Track_k_e_2_reruns_r1_c2,Track_k_e_2_reruns_r1_c2,1,1,0,2,2,0,4,2,.\data\toy_track_k_enc_config_2.json,.\trained_transformer\TNN_traj_enc_2.keras,"[[[0.016436733305454254, 0.026323769241571426], [0.016956068575382233, 0.08650781214237213]]]","{'LN_var': True, 'LN_mean': False, 'LN_num': False, 'LN_num_squ': False, 'LN_denom': False, 'LN_num_squ_sum': False, 'MHA_Q': True, 'MHA_K': True, 'MHA_V': True, 'MHA_attn_weight_sum': True, 'MHA_attn_weight': True, 'MHA_compat': True, 'MHA_compat_exp': True, 'MHA_compat_exp_sum': True, 'MHA_QK_MC': False, 'MHA_WK_MC': False, 'MHA_attn_score': True, 'MHA_output': True, 'RES_var': True, 'MHA_softmax_env': False, 'AVG_POOL_var': False, 'embed_var': False}",,2,1,1,2,4,1,2,2,gurobipy,gurobi,3600.0,0,462,250,458,0,4,4.604000091552734,2.2817320855496797,435957.0,13419.0,10,0.8298703270578877,,0.00020580650399894956,0
.\Experiments\Track_k_e_2_reruns\Track_k_e_2_reruns_r1_c3,Track_k_e_2_reruns_r1_c3,1,1,0,2,2,0,4,2,.\data\toy_track_k_enc_config_2.json,.\trained_transformer\TNN_traj_enc_2.keras,"[[[0.016436733305454254, 0.026323769241571426], [0.016956068575382233, 0.08650781214237213]]]","{'LN_var': True, 'LN_mean': False, 'LN_num': False, 'LN_num_squ': False, 'LN_denom': False, 'LN_num_squ_sum': False, 'MHA_Q': False, 'MHA_K': False, 'MHA_V': False, 'MHA_attn_weight_sum': True, 'MHA_attn_weight': True, 'MHA_compat': False, 'MHA_compat_exp': False, 'MHA_compat_exp_sum': False, 'MHA_QK_MC': False, 'MHA_WK_MC': False, 'MHA_attn_score': False, 'MHA_output': False, 'RES_var': False, 'MHA_softmax_env': False, 'AVG_POOL_var': False, 'embed_var': False}",,2,1,1,2,4,1,2,3,gurobipy,gurobi,3600.0,0,462,250,458,0,4,0.0989999771118164,0.033854108133177775,919.0,1.0,0,inf,,0.00020580650399894956,0
.\Experiments\Track_k_e_2_reruns\Track_k_e_2_reruns_r1_c4,Track_k_e_2_reruns_r1_c4,1,1,0,2,2,0,4,2,.\data\toy_track_k_enc_config_2.json,.\trained_transformer\TNN_traj_enc_2.keras,"[[[0.016436733305454254, 0.026323769241571426], [0.016956068575382233, 0.08650781214237213]]]","{'LN_var': True, 'LN_mean': False, 'LN_num': False, 'LN_num_squ': False, 'LN_denom': False, 'LN_num_squ_sum': False, 'MHA_Q': False, 'MHA_K': False, 'MHA_V': False, 'MHA_attn_weight_sum': False, 'MHA_attn_weight': False, 'MHA_compat': False, 'MHA_compat_exp': False, 'MHA_compat_exp_sum': False, 'MHA_QK_MC': False, 'MHA_WK_MC': False, 'MHA_attn_score': False, 'MHA_output': False, 'RES_var': False, 'MHA_softmax_env': False, 'AVG_POOL_var': False, 'embed_var': False}",,2,1,1,2,4,1,2,4,gurobipy,gurobi,3600.0,0,462,248,458,0,4,0.15600013732910156,0.06573104230940509,2114.0,13.0,0,inf,,0.0002058065039989513,0
.\Experiments\Track_k_e_2_reruns\Track_k_e_2_reruns_r1_c5,Track_k_e_2_reruns_r1_c5,1,1,0,2,2,0,4,2,.\data\toy_track_k_enc_config_2.json,.\trained_transformer\TNN_traj_enc_2.keras,"[[[0.016436733305454254, 0.026323769241571426], [0.016956068575382233, 0.08650781214237213]]]","{'LN_var': True, 'LN_mean': False, 'LN_num': False, 'LN_num_squ': False, 'LN_denom': False, 'LN_num_squ_sum': False, 'MHA_Q': True, 'MHA_K': True, 'MHA_V': True, 'MHA_attn_weight_sum': False, 'MHA_attn_weight': False, 'MHA_compat': True, 'MHA_compat_exp': True, 'MHA_compat_exp_sum': True, 'MHA_QK_MC': True, 'MHA_WK_MC': True, 'MHA_attn_score': True, 'MHA_output': True, 'RES_var': True, 'MHA_softmax_env': False, 'AVG_POOL_var': False, 'embed_var': False}",,2,1,1,2,4,1,2,5,gurobipy,gurobi,3600.0,0,462,264,458,0,4,0.12900018692016602,0.051467316526193206,1358.0,3.0,0,inf,,0.0002058065039989513,0
.\Experiments\Track_k_e_2_reruns\Track_k_e_2_reruns_r1_c6,Track_k_e_2_reruns_r1_c6,1,1,0,2,2,0,4,2,.\data\toy_track_k_enc_config_2.json,.\trained_transformer\TNN_traj_enc_2.keras,"[[[0.016436733305454254, 0.026323769241571426], [0.016956068575382233, 0.08650781214237213]]]","{'LN_var': True, 'LN_mean': False, 'LN_num': False, 'LN_num_squ': False, 'LN_denom': False, 'LN_num_squ_sum': False, 'MHA_Q': True, 'MHA_K': True, 'MHA_V': True, 'MHA_attn_weight_sum': False, 'MHA_attn_weight': False, 'MHA_compat': True, 'MHA_compat_exp': True, 'MHA_compat_exp_sum': True, 'MHA_QK_MC': False, 'MHA_WK_MC': False, 'MHA_attn_score': True, 'MHA_output': True, 'RES_var': True, 'MHA_softmax_env': False, 'AVG_POOL_var': False, 'embed_var': False}",,2,1,1,2,4,1,2,6,gurobipy,gurobi,3600.0,0,462,248,458,0,4,0.14100003242492676,0.05611149660277561,1404.0,5.0,0,inf,,0.0002058065039989513,0
.\Experiments\Track_k_e_2_reruns\Track_k_e_2_reruns_r1_c7,Track_k_e_2_reruns_r1_c7,1,1,0,2,2,0,4,2,.\data\toy_track_k_enc_config_2.json,.\trained_transformer\TNN_traj_enc_2.keras,"[[[0.016436733305454254, 0.026323769241571426], [0.016956068575382233, 0.08650781214237213]]]","{'LN_var': False, 'LN_mean': False, 'LN_num': False, 'LN_num_squ': False, 'LN_denom': False, 'LN_num_squ_sum': False, 'MHA_Q': False, 'MHA_K': False, 'MHA_V': False, 'MHA_attn_weight_sum': False, 'MHA_attn_weight': False, 'MHA_compat': False, 'MHA_compat_exp': False, 'MHA_compat_exp_sum': False, 'MHA_QK_MC': False, 'MHA_WK_MC': False, 'MHA_attn_score': False, 'MHA_output': False, 'RES_var': False, 'MHA_softmax_env': False, 'AVG_POOL_var': False, 'embed_var': False}",,2,1,1,2,4,1,2,7,gurobipy,gurobi,3600.0,0,462,248,458,0,4,0.11700010299682617,0.0415698273127782,1514.0,67.0,0,inf,,0.00020580650399894956,0
.\Experiments\Track_k_e_2_reruns\Track_k_e_2_reruns_r2_c1,Track_k_e_2_reruns_r2_c1,2,1,0,2,2,0,4,2,.\data\toy_track_k_enc_config_2.json,.\trained_transformer\TNN_traj_enc_2.keras,"[[[0.016436733305454254, 0.026323769241571426], [0.016956068575382233, 0.08650781214237213]]]","{'LN_var': True, 'LN_mean': False, 'LN_num': False, 'LN_num_squ': False, 'LN_denom': False, 'LN_num_squ_sum': False, 'MHA_Q': True, 'MHA_K': True, 'MHA_V': True, 'MHA_attn_weight_sum': True, 'MHA_attn_weight': True, 'MHA_compat': True, 'MHA_compat_exp': True, 'MHA_compat_exp_sum': True, 'MHA_QK_MC': True, 'MHA_WK_MC': True, 'MHA_attn_score': True, 'MHA_output': True, 'RES_var': True, 'MHA_softmax_env': False, 'AVG_POOL_var': False, 'embed_var': False}",,2,1,1,2,4,1,2,1,gurobipy,gurobi,3600.0,0,462,298,458,0,4,0.12000012397766113,0.04676602009390105,1467.0,1.0,0,inf,,0.00020580650399894956,0
.\Experiments\Track_k_e_2_reruns\Track_k_e_2_reruns_r2_c2,Track_k_e_2_reruns_r2_c2,2,1,0,2,2,0,4,2,.\data\toy_track_k_enc_config_2.json,.\trained_transformer\TNN_traj_enc_2.keras,"[[[0.016436733305454254, 0.026323769241571426], [0.016956068575382233, 0.08650781214237213]]]","{'LN_var': True, 'LN_mean': False, 'LN_num': False, 'LN_num_squ': False, 'LN_denom': False, 'LN_num_squ_sum': False, 'MHA_Q': True, 'MHA_K': True, 'MHA_V': True, 'MHA_attn_weight_sum': True, 'MHA_attn_weight': True, 'MHA_compat': True, 'MHA_compat_exp': True, 'MHA_compat_exp_sum': True, 'MHA_QK_MC': False, 'MHA_WK_MC': False, 'MHA_attn_score': True, 'MHA_output': True, 'RES_var': True, 'MHA_softmax_env': False, 'AVG_POOL_var': False, 'embed_var': False}",,2,1,1,2,4,1,2,2,gurobipy,gurobi,3600.0,0,462,250,458,0,4,0.12599992752075195,0.04386893736035923,1357.0,1.0,0,inf,,0.00020580650399894956,0
.\Experiments\Track_k_e_2_reruns\Track_k_e_2_reruns_r2_c3,Track_k_e_2_reruns_r2_c3,2,1,0,2,2,0,4,2,.\data\toy_track_k_enc_config_2.json,.\trained_transformer\TNN_traj_enc_2.keras,"[[[0.016436733305454254, 0.026323769241571426], [0.016956068575382233, 0.08650781214237213]]]","{'LN_var': True, 'LN_mean': False, 'LN_num': False, 'LN_num_squ': False, 'LN_denom': False, 'LN_num_squ_sum': False, 'MHA_Q': False, 'MHA_K': False, 'MHA_V': False, 'MHA_attn_weight_sum': True, 'MHA_attn_weight': True, 'MHA_compat': False, 'MHA_compat_exp': False, 'MHA_compat_exp_sum': False, 'MHA_QK_MC': False, 'MHA_WK_MC': False, 'MHA_attn_score': False, 'MHA_output': False, 'RES_var': False, 'MHA_softmax_env': False, 'AVG_POOL_var': False, 'embed_var': False}",,2,1,1,2,4,1,2,3,gurobipy,gurobi,3600.0,0,462,250,458,0,4,0.13499999046325684,0.053532125343706174,1478.0,1.0,0,inf,,0.00020580650399894956,0
.\Experiments\Track_k_e_2_reruns\Track_k_e_2_reruns_r2_c4,Track_k_e_2_reruns_r2_c4,2,1,0,2,2,0,4,2,.\data\toy_track_k_enc_config_2.json,.\trained_transformer\TNN_traj_enc_2.keras,"[[[0.016436733305454254, 0.026323769241571426], [0.016956068575382233, 0.08650781214237213]]]","{'LN_var': True, 'LN_mean': False, 'LN_num': False, 'LN_num_squ': False, 'LN_denom': False, 'LN_num_squ_sum': False, 'MHA_Q': False, 'MHA_K': False, 'MHA_V': False, 'MHA_attn_weight_sum': False, 'MHA_attn_weight': False, 'MHA_compat': False, 'MHA_compat_exp': False, 'MHA_compat_exp_sum': False, 'MHA_QK_MC': False, 'MHA_WK_MC': False, 'MHA_attn_score': False, 'MHA_output': False, 'RES_var': False, 'MHA_softmax_env': False, 'AVG_POOL_var': False, 'embed_var': False}",,2,1,1,2,4,1,2,4,gurobipy,gurobi,3600.0,0,462,248,458,0,4,0.09500002861022949,0.031845972515085925,1235.0,1.0,0,inf,,0.0002058065039989513,0
.\Experiments\Track_k_e_2_reruns\Track_k_e_2_reruns_r2_c5,Track_k_e_2_reruns_r2_c5,2,1,0,2,2,0,4,2,.\data\toy_track_k_enc_config_2.json,.\trained_transformer\TNN_traj_enc_2.keras,"[[[0.016436733305454254, 0.026323769241571426], [0.016956068575382233, 0.08650781214237213]]]","{'LN_var': True, 'LN_mean': False, 'LN_num': False, 'LN_num_squ': False, 'LN_denom': False, 'LN_num_squ_sum': False, 'MHA_Q': True, 'MHA_K': True, 'MHA_V': True, 'MHA_attn_weight_sum': False, 'MHA_attn_weight': False, 'MHA_compat': True, 'MHA_compat_exp': True, 'MHA_compat_exp_sum': True, 'MHA_QK_MC': True, 'MHA_WK_MC': True, 'MHA_attn_score': True, 'MHA_output': True, 'RES_var': True, 'MHA_softmax_env': False, 'AVG_POOL_var': False, 'embed_var': False}",,2,1,1,2,4,1,2,5,gurobipy,gurobi,3600.0,0,462,264,458,0,4,0.1549999713897705,0.06483948220070056,2379.0,19.0,0,inf,,0.0002058065039989513,0
.\Experiments\Track_k_e_2_reruns\Track_k_e_2_reruns_r2_c6,Track_k_e_2_reruns_r2_c6,2,1,0,2,2,0,4,2,.\data\toy_track_k_enc_config_2.json,.\trained_transformer\TNN_traj_enc_2.keras,"[[[0.016436733305454254, 0.026323769241571426], [0.016956068575382233, 0.08650781214237213]]]","{'LN_var': True, 'LN_mean': False, 'LN_num': False, 'LN_num_squ': False, 'LN_denom': False, 'LN_num_squ_sum': False, 'MHA_Q': True, 'MHA_K': True, 'MHA_V': True, 'MHA_attn_weight_sum': False, 'MHA_attn_weight': False, 'MHA_compat': True, 'MHA_compat_exp': True, 'MHA_compat_exp_sum': True, 'MHA_QK_MC': False, 'MHA_WK_MC': False, 'MHA_attn_score': True, 'MHA_output': True, 'RES_var': True, 'MHA_softmax_env': False, 'AVG_POOL_var': False, 'embed_var': False}",,2,1,1,2,4,1,2,6,gurobipy,gurobi,3600.0,0,462,248,458,0,4,0.14500021934509277,0.05772751121801556,1548.0,7.0,0,inf,,0.0002058065039989513,0
.\Experiments\Track_k_e_2_reruns\Track_k_e_2_reruns_r2_c7,Track_k_e_2_reruns_r2_c7,2,1,0,2,2,0,4,2,.\data\toy_track_k_enc_config_2.json,.\trained_transformer\TNN_traj_enc_2.keras,"[[[0.016436733305454254, 0.026323769241571426], [0.016956068575382233, 0.08650781214237213]]]","{'LN_var': False, 'LN_mean': False, 'LN_num': False, 'LN_num_squ': False, 'LN_denom': False, 'LN_num_squ_sum': False, 'MHA_Q': False, 'MHA_K': False, 'MHA_V': False, 'MHA_attn_weight_sum': False, 'MHA_attn_weight': False, 'MHA_compat': False, 'MHA_compat_exp': False, 'MHA_compat_exp_sum': False, 'MHA_QK_MC': False, 'MHA_WK_MC': False, 'MHA_attn_score': False, 'MHA_output': False, 'RES_var': False, 'MHA_softmax_env': False, 'AVG_POOL_var': False, 'embed_var': False}",,2,1,1,2,4,1,2,7,gurobipy,gurobi,3600.0,0,462,248,458,0,4,0.11700010299682617,0.039996769247724426,1369.0,50.0,0,inf,,0.00020580650399894956,0
.\Experiments\Track_k_e_2_reruns\Track_k_e_2_reruns_r3_c1,Track_k_e_2_reruns_r3_c1,3,1,0,2,2,0,4,2,.\data\toy_track_k_enc_config_2.json,.\trained_transformer\TNN_traj_enc_2.keras,"[[[0.016436733305454254, 0.026323769241571426], [0.016956068575382233, 0.08650781214237213]]]","{'LN_var': True, 'LN_mean': False, 'LN_num': False, 'LN_num_squ': False, 'LN_denom': False, 'LN_num_squ_sum': False, 'MHA_Q': True, 'MHA_K': True, 'MHA_V': True, 'MHA_attn_weight_sum': True, 'MHA_attn_weight': True, 'MHA_compat': True, 'MHA_compat_exp': True, 'MHA_compat_exp_sum': True, 'MHA_QK_MC': True, 'MHA_WK_MC': True, 'MHA_attn_score': True, 'MHA_output': True, 'RES_var': True, 'MHA_softmax_env': False, 'AVG_POOL_var': False, 'embed_var': False}",,2,1,1,2,4,1,2,1,gurobipy,gurobi,3600.0,0,462,298,458,0,4,0.1400001049041748,0.0547137059453209,1495.0,1.0,0,inf,,0.00020580650399894956,0
.\Experiments\Track_k_e_2_reruns\Track_k_e_2_reruns_r3_c2,Track_k_e_2_reruns_r3_c2,3,1,0,2,2,0,4,2,.\data\toy_track_k_enc_config_2.json,.\trained_transformer\TNN_traj_enc_2.keras,"[[[0.016436733305454254, 0.026323769241571426], [0.016956068575382233, 0.08650781214237213]]]","{'LN_var': True, 'LN_mean': False, 'LN_num': False, 'LN_num_squ': False, 'LN_denom': False, 'LN_num_squ_sum': False, 'MHA_Q': True, 'MHA_K': True, 'MHA_V': True, 'MHA_attn_weight_sum': True, 'MHA_attn_weight': True, 'MHA_compat': True, 'MHA_compat_exp': True, 'MHA_compat_exp_sum': True, 'MHA_QK_MC': False, 'MHA_WK_MC': False, 'MHA_attn_score': True, 'MHA_output': True, 'RES_var': True, 'MHA_softmax_env': False, 'AVG_POOL_var': False, 'embed_var': False}",,2,1,1,2,4,1,2,2,gurobipy,gurobi,3600.0,0,462,250,458,0,4,0.13200020790100098,0.05562448248224897,1499.0,1.0,0,inf,,0.00020580650399894956,0
.\Experiments\Track_k_e_2_reruns\Track_k_e_2_reruns_r3_c3,Track_k_e_2_reruns_r3_c3,3,1,0,2,2,0,4,2,.\data\toy_track_k_enc_config_2.json,.\trained_transformer\TNN_traj_enc_2.keras,"[[[0.016436733305454254, 0.026323769241571426], [0.016956068575382233, 0.08650781214237213]]]","{'LN_var': True, 'LN_mean': False, 'LN_num': False, 'LN_num_squ': False, 'LN_denom': False, 'LN_num_squ_sum': False, 'MHA_Q': False, 'MHA_K': False, 'MHA_V': False, 'MHA_attn_weight_sum': True, 'MHA_attn_weight': True, 'MHA_compat': False, 'MHA_compat_exp': False, 'MHA_compat_exp_sum': False, 'MHA_QK_MC': False, 'MHA_WK_MC': False, 'MHA_attn_score': False, 'MHA_output': False, 'RES_var': False, 'MHA_softmax_env': False, 'AVG_POOL_var': False, 'embed_var': False}",,2,1,1,2,4,1,2,3,gurobipy,gurobi,3600.0,0,462,250,458,0,4,0.14499998092651367,0.06528897285692305,1478.0,1.0,0,inf,,0.00020580650399894956,0
.\Experiments\Track_k_e_2_reruns\Track_k_e_2_reruns_r3_c4,Track_k_e_2_reruns_r3_c4,3,1,0,2,2,0,4,2,.\data\toy_track_k_enc_config_2.json,.\trained_transformer\TNN_traj_enc_2.keras,"[[[0.016436733305454254, 0.026323769241571426], [0.016956068575382233, 0.08650781214237213]]]","{'LN_var': True, 'LN_mean': False, 'LN_num': False, 'LN_num_squ': False, 'LN_denom': False, 'LN_num_squ_sum': False, 'MHA_Q': False, 'MHA_K': False, 'MHA_V': False, 'MHA_attn_weight_sum': False, 'MHA_attn_weight': False, 'MHA_compat': False, 'MHA_compat_exp': False, 'MHA_compat_exp_sum': False, 'MHA_QK_MC': False, 'MHA_WK_MC': False, 'MHA_attn_score': False, 'MHA_output': False, 'RES_var': False, 'MHA_softmax_env': False, 'AVG_POOL_var': False, 'embed_var': False}",,2,1,1,2,4,1,2,4,gurobipy,gurobi,3600.0,0,462,248,458,0,4,0.13899993896484375,0.06491716707530304,2114.0,13.0,0,inf,,0.0002058065039989513,0
.\Experiments\Track_k_e_2_reruns\Track_k_e_2_reruns_r3_c5,Track_k_e_2_reruns_r3_c5,3,1,0,2,2,0,4,2,.\data\toy_track_k_enc_config_2.json,.\trained_transformer\TNN_traj_enc_2.keras,"[[[0.016436733305454254, 0.026323769241571426], [0.016956068575382233, 0.08650781214237213]]]","{'LN_var': True, 'LN_mean': False, 'LN_num': False, 'LN_num_squ': False, 'LN_denom': False, 'LN_num_squ_sum': False, 'MHA_Q': True, 'MHA_K': True, 'MHA_V': True, 'MHA_attn_weight_sum': False, 'MHA_attn_weight': False, 'MHA_compat': True, 'MHA_compat_exp': True, 'MHA_compat_exp_sum': True, 'MHA_QK_MC': True, 'MHA_WK_MC': True, 'MHA_attn_score': True, 'MHA_output': True, 'RES_var': True, 'MHA_softmax_env': False, 'AVG_POOL_var': False, 'embed_var': False}",,2,1,1,2,4,1,2,5,gurobipy,gurobi,3600.0,0,462,264,458,0,4,0.15799999237060547,0.07056832873295658,2980.0,31.0,0,inf,,0.0002058065039989513,0
.\Experiments\Track_k_e_2_reruns\Track_k_e_2_reruns_r3_c6,Track_k_e_2_reruns_r3_c6,3,1,0,2,2,0,4,2,.\data\toy_track_k_enc_config_2.json,.\trained_transformer\TNN_traj_enc_2.keras,"[[[0.016436733305454254, 0.026323769241571426], [0.016956068575382233, 0.08650781214237213]]]","{'LN_var': True, 'LN_mean': False, 'LN_num': False, 'LN_num_squ': False, 'LN_denom': False, 'LN_num_squ_sum': False, 'MHA_Q': True, 'MHA_K': True, 'MHA_V': True, 'MHA_attn_weight_sum': False, 'MHA_attn_weight': False, 'MHA_compat': True, 'MHA_compat_exp': True, 'MHA_compat_exp_sum': True, 'MHA_QK_MC': False, 'MHA_WK_MC': False, 'MHA_attn_score': True, 'MHA_output': True, 'RES_var': True, 'MHA_softmax_env': False, 'AVG_POOL_var': False, 'embed_var': False}",,2,1,1,2,4,1,2,6,gurobipy,gurobi,3600.0,0,462,248,458,0,4,0.13400006294250488,0.05330298663650234,1348.0,3.0,0,inf,,0.0002058065039989513,0
.\Experiments\Track_k_e_2_reruns\Track_k_e_2_reruns_r3_c7,Track_k_e_2_reruns_r3_c7,3,1,0,2,2,0,4,2,.\data\toy_track_k_enc_config_2.json,.\trained_transformer\TNN_traj_enc_2.keras,"[[[0.016436733305454254, 0.026323769241571426], [0.016956068575382233, 0.08650781214237213]]]","{'LN_var': False, 'LN_mean': False, 'LN_num': False, 'LN_num_squ': False, 'LN_denom': False, 'LN_num_squ_sum': False, 'MHA_Q': False, 'MHA_K': False, 'MHA_V': False, 'MHA_attn_weight_sum': False, 'MHA_attn_weight': False, 'MHA_compat': False, 'MHA_compat_exp': False, 'MHA_compat_exp_sum': False, 'MHA_QK_MC': False, 'MHA_WK_MC': False, 'MHA_attn_score': False, 'MHA_output': False, 'RES_var': False, 'MHA_softmax_env': False, 'AVG_POOL_var': False, 'embed_var': False}",,2,1,1,2,4,1,2,7,gurobipy,gurobi,3600.0,0,462,248,458,0,4,0.12599992752075195,0.046966344349874775,1849.0,132.0,0,inf,,0.00020580650399894956,0
.\Experiments\Track_k_e_2_reruns\Track_k_e_2_reruns_r4_c1,Track_k_e_2_reruns_r4_c1,4,1,0,2,2,0,4,2,.\data\toy_track_k_enc_config_2.json,.\trained_transformer\TNN_traj_enc_2.keras,"[[[0.016436733305454254, 0.026323769241571426], [0.016956068575382233, 0.08650781214237213]]]","{'LN_var': True, 'LN_mean': False, 'LN_num': False, 'LN_num_squ': False, 'LN_denom': False, 'LN_num_squ_sum': False, 'MHA_Q': True, 'MHA_K': True, 'MHA_V': True, 'MHA_attn_weight_sum': True, 'MHA_attn_weight': True, 'MHA_compat': True, 'MHA_compat_exp': True, 'MHA_compat_exp_sum': True, 'MHA_QK_MC': True, 'MHA_WK_MC': True, 'MHA_attn_score': True, 'MHA_output': True, 'RES_var': True, 'MHA_softmax_env': False, 'AVG_POOL_var': False, 'embed_var': False}","[[0.01643673 0.02632377]
 [0.01695607 0.08650781]]",2,1,1,2,4,1,2,1,gurobipy,gurobi,3600.0,0,462,298,458,0,4,2729.5439999103546,1400.5365431330245,252080670.0,9162223.0,10,3.7344401147059903e-06,0.00020580727257388416,0.00020580650399894956,0
.\Experiments\Track_k_e_2_reruns\Track_k_e_2_reruns_r4_c2,Track_k_e_2_reruns_r4_c2,4,1,0,2,2,0,4,2,.\data\toy_track_k_enc_config_2.json,.\trained_transformer\TNN_traj_enc_2.keras,"[[[0.016436733305454254, 0.026323769241571426], [0.016956068575382233, 0.08650781214237213]]]","{'LN_var': True, 'LN_mean': False, 'LN_num': False, 'LN_num_squ': False, 'LN_denom': False, 'LN_num_squ_sum': False, 'MHA_Q': True, 'MHA_K': True, 'MHA_V': True, 'MHA_attn_weight_sum': True, 'MHA_attn_weight': True, 'MHA_compat': True, 'MHA_compat_exp': True, 'MHA_compat_exp_sum': True, 'MHA_QK_MC': False, 'MHA_WK_MC': False, 'MHA_attn_score': True, 'MHA_output': True, 'RES_var': True, 'MHA_softmax_env': False, 'AVG_POOL_var': False, 'embed_var': False}",,2,1,1,2,4,1,2,2,gurobipy,gurobi,3600.0,0,462,250,458,0,4,3600.0120000839233,1799.668919666828,311341386.0,11528579.0,10,0.39733126577204225,,0.00020580650399894956,0
.\Experiments\Track_k_e_2_reruns\Track_k_e_2_reruns_r4_c3,Track_k_e_2_reruns_r4_c3,4,1,0,2,2,0,4,2,.\data\toy_track_k_enc_config_2.json,.\trained_transformer\TNN_traj_enc_2.keras,"[[[0.016436733305454254, 0.026323769241571426], [0.016956068575382233, 0.08650781214237213]]]","{'LN_var': True, 'LN_mean': False, 'LN_num': False, 'LN_num_squ': False, 'LN_denom': False, 'LN_num_squ_sum': False, 'MHA_Q': False, 'MHA_K': False, 'MHA_V': False, 'MHA_attn_weight_sum': True, 'MHA_attn_weight': True, 'MHA_compat': False, 'MHA_compat_exp': False, 'MHA_compat_exp_sum': False, 'MHA_QK_MC': False, 'MHA_WK_MC': False, 'MHA_attn_score': False, 'MHA_output': False, 'RES_var': False, 'MHA_softmax_env': False, 'AVG_POOL_var': False, 'embed_var': False}","[[0.01643673 0.02632377]
 [0.01695607 0.08650781]]",2,1,1,2,4,1,2,3,gurobipy,gurobi,3600.0,0,462,250,458,0,4,775.1199998855591,396.77796708391094,68022989.0,2257005.0,10,3.955420712667354e-06,0.0002058073180534782,0.00020580650399894956,0
.\Experiments\Track_k_e_2_reruns\Track_k_e_2_reruns_r4_c4,Track_k_e_2_reruns_r4_c4,4,1,0,2,2,0,4,2,.\data\toy_track_k_enc_config_2.json,.\trained_transformer\TNN_traj_enc_2.keras,"[[[0.016436733305454254, 0.026323769241571426], [0.016956068575382233, 0.08650781214237213]]]","{'LN_var': True, 'LN_mean': False, 'LN_num': False, 'LN_num_squ': False, 'LN_denom': False, 'LN_num_squ_sum': False, 'MHA_Q': False, 'MHA_K': False, 'MHA_V': False, 'MHA_attn_weight_sum': False, 'MHA_attn_weight': False, 'MHA_compat': False, 'MHA_compat_exp': False, 'MHA_compat_exp_sum': False, 'MHA_QK_MC': False, 'MHA_WK_MC': False, 'MHA_attn_score': False, 'MHA_output': False, 'RES_var': False, 'MHA_softmax_env': False, 'AVG_POOL_var': False, 'embed_var': False}","[[0.01643673 0.02632377]
 [0.01695607 0.08650781]]",2,1,1,2,4,1,2,4,gurobipy,gurobi,3600.0,0,462,248,458,0,4,802.308000087738,394.4369140237658,58038209.0,2358770.0,10,0.0,0.00020580650399894956,0.00020580650399894956,0
.\Experiments\Track_k_e_2_reruns\Track_k_e_2_reruns_r4_c5,Track_k_e_2_reruns_r4_c5,4,1,0,2,2,0,4,2,.\data\toy_track_k_enc_config_2.json,.\trained_transformer\TNN_traj_enc_2.keras,"[[[0.016436733305454254, 0.026323769241571426], [0.016956068575382233, 0.08650781214237213]]]","{'LN_var': True, 'LN_mean': False, 'LN_num': False, 'LN_num_squ': False, 'LN_denom': False, 'LN_num_squ_sum': False, 'MHA_Q': True, 'MHA_K': True, 'MHA_V': True, 'MHA_attn_weight_sum': False, 'MHA_attn_weight': False, 'MHA_compat': True, 'MHA_compat_exp': True, 'MHA_compat_exp_sum': True, 'MHA_QK_MC': True, 'MHA_WK_MC': True, 'MHA_attn_score': True, 'MHA_output': True, 'RES_var': True, 'MHA_softmax_env': False, 'AVG_POOL_var': False, 'embed_var': False}","[[0.01643673 0.02632377]
 [0.01695607 0.08650781]]",2,1,1,2,4,1,2,5,gurobipy,gurobi,3600.0,0,462,264,458,0,4,1434.1870000362396,718.2213325899079,153978619.0,4345318.0,10,8.688361402455493e-05,0.00020582438676552788,0.0002058065039989513,0
.\Experiments\Track_k_e_2_reruns\Track_k_e_2_reruns_r4_c6,Track_k_e_2_reruns_r4_c6,4,1,0,2,2,0,4,2,.\data\toy_track_k_enc_config_2.json,.\trained_transformer\TNN_traj_enc_2.keras,"[[[0.016436733305454254, 0.026323769241571426], [0.016956068575382233, 0.08650781214237213]]]","{'LN_var': True, 'LN_mean': False, 'LN_num': False, 'LN_num_squ': False, 'LN_denom': False, 'LN_num_squ_sum': False, 'MHA_Q': True, 'MHA_K': True, 'MHA_V': True, 'MHA_attn_weight_sum': False, 'MHA_attn_weight': False, 'MHA_compat': True, 'MHA_compat_exp': True, 'MHA_compat_exp_sum': True, 'MHA_QK_MC': False, 'MHA_WK_MC': False, 'MHA_attn_score': True, 'MHA_output': True, 'RES_var': True, 'MHA_softmax_env': False, 'AVG_POOL_var': False, 'embed_var': False}","[[0.01643673 0.02632377]
 [0.01695607 0.08650781]]",2,1,1,2,4,1,2,6,gurobipy,gurobi,3600.0,0,462,248,458,0,4,386.4340000152588,189.0975265973545,31217095.0,1091379.0,10,6.448495907325372e-05,0.0002058197762788011,0.0002058065039989513,0
.\Experiments\Track_k_e_2_reruns\Track_k_e_2_reruns_r4_c7,Track_k_e_2_reruns_r4_c7,4,1,0,2,2,0,4,2,.\data\toy_track_k_enc_config_2.json,.\trained_transformer\TNN_traj_enc_2.keras,"[[[0.016436733305454254, 0.026323769241571426], [0.016956068575382233, 0.08650781214237213]]]","{'LN_var': False, 'LN_mean': False, 'LN_num': False, 'LN_num_squ': False, 'LN_denom': False, 'LN_num_squ_sum': False, 'MHA_Q': False, 'MHA_K': False, 'MHA_V': False, 'MHA_attn_weight_sum': False, 'MHA_attn_weight': False, 'MHA_compat': False, 'MHA_compat_exp': False, 'MHA_compat_exp_sum': False, 'MHA_QK_MC': False, 'MHA_WK_MC': False, 'MHA_attn_score': False, 'MHA_output': False, 'RES_var': False, 'MHA_softmax_env': False, 'AVG_POOL_var': False, 'embed_var': False}",,2,1,1,2,4,1,2,7,gurobipy,gurobi,3600.0,0,462,248,458,0,4,3600.029000043869,1526.9393708534647,672996015.0,51023136.0,0,inf,,0.00020580650399894956,0
.\Experiments\Track_k_e_2_reruns\Track_k_e_2_reruns_r5_c1,Track_k_e_2_reruns_r5_c1,5,1,0,2,2,0,4,2,.\data\toy_track_k_enc_config_2.json,.\trained_transformer\TNN_traj_enc_2.keras,"[[[0.016436733305454254, 0.026323769241571426], [0.016956068575382233, 0.08650781214237213]]]","{'LN_var': True, 'LN_mean': False, 'LN_num': False, 'LN_num_squ': False, 'LN_denom': False, 'LN_num_squ_sum': False, 'MHA_Q': True, 'MHA_K': True, 'MHA_V': True, 'MHA_attn_weight_sum': True, 'MHA_attn_weight': True, 'MHA_compat': True, 'MHA_compat_exp': True, 'MHA_compat_exp_sum': True, 'MHA_QK_MC': True, 'MHA_WK_MC': True, 'MHA_attn_score': True, 'MHA_output': True, 'RES_var': True, 'MHA_softmax_env': False, 'AVG_POOL_var': False, 'embed_var': False}","[[0.01643673 0.02632377]
 [0.01695607 0.08650781]]",2,1,1,2,4,1,2,1,gurobipy,gurobi,3600.0,0,462,298,458,0,4,2792.6169998645782,1400.5365431330245,252080670.0,9162223.0,10,3.7344401147059903e-06,0.00020580727257388416,0.00020580650399894956,0
.\Experiments\Track_k_e_2_reruns\Track_k_e_2_reruns_r5_c2,Track_k_e_2_reruns_r5_c2,5,1,0,2,2,0,4,2,.\data\toy_track_k_enc_config_2.json,.\trained_transformer\TNN_traj_enc_2.keras,"[[[0.016436733305454254, 0.026323769241571426], [0.016956068575382233, 0.08650781214237213]]]","{'LN_var': True, 'LN_mean': False, 'LN_num': False, 'LN_num_squ': False, 'LN_denom': False, 'LN_num_squ_sum': False, 'MHA_Q': True, 'MHA_K': True, 'MHA_V': True, 'MHA_attn_weight_sum': True, 'MHA_attn_weight': True, 'MHA_compat': True, 'MHA_compat_exp': True, 'MHA_compat_exp_sum': True, 'MHA_QK_MC': False, 'MHA_WK_MC': False, 'MHA_attn_score': True, 'MHA_output': True, 'RES_var': True, 'MHA_softmax_env': False, 'AVG_POOL_var': False, 'embed_var': False}",,2,1,1,2,4,1,2,2,gurobipy,gurobi,3600.0,0,462,250,458,0,4,3600.0889999866486,1807.9977394820808,312690151.0,11584869.0,10,0.3972672817938043,,0.00020580650399894956,0
.\Experiments\Track_k_e_2_reruns\Track_k_e_2_reruns_r5_c3,Track_k_e_2_reruns_r5_c3,5,1,0,2,2,0,4,2,.\data\toy_track_k_enc_config_2.json,.\trained_transformer\TNN_traj_enc_2.keras,"[[[0.016436733305454254, 0.026323769241571426], [0.016956068575382233, 0.08650781214237213]]]","{'LN_var': True, 'LN_mean': False, 'LN_num': False, 'LN_num_squ': False, 'LN_denom': False, 'LN_num_squ_sum': False, 'MHA_Q': False, 'MHA_K': False, 'MHA_V': False, 'MHA_attn_weight_sum': True, 'MHA_attn_weight': True, 'MHA_compat': False, 'MHA_compat_exp': False, 'MHA_compat_exp_sum': False, 'MHA_QK_MC': False, 'MHA_WK_MC': False, 'MHA_attn_score': False, 'MHA_output': False, 'RES_var': False, 'MHA_softmax_env': False, 'AVG_POOL_var': False, 'embed_var': False}","[[0.01643673 0.02632377]
 [0.01695607 0.08650781]]",2,1,1,2,4,1,2,3,gurobipy,gurobi,3600.0,0,462,250,458,0,4,771.3440001010895,396.77796708391094,68022989.0,2257005.0,10,3.955420712667354e-06,0.0002058073180534782,0.00020580650399894956,0
.\Experiments\Track_k_e_2_reruns\Track_k_e_2_reruns_r5_c4,Track_k_e_2_reruns_r5_c4,5,1,0,2,2,0,4,2,.\data\toy_track_k_enc_config_2.json,.\trained_transformer\TNN_traj_enc_2.keras,"[[[0.016436733305454254, 0.026323769241571426], [0.016956068575382233, 0.08650781214237213]]]","{'LN_var': True, 'LN_mean': False, 'LN_num': False, 'LN_num_squ': False, 'LN_denom': False, 'LN_num_squ_sum': False, 'MHA_Q': False, 'MHA_K': False, 'MHA_V': False, 'MHA_attn_weight_sum': False, 'MHA_attn_weight': False, 'MHA_compat': False, 'MHA_compat_exp': False, 'MHA_compat_exp_sum': False, 'MHA_QK_MC': False, 'MHA_WK_MC': False, 'MHA_attn_score': False, 'MHA_output': False, 'RES_var': False, 'MHA_softmax_env': False, 'AVG_POOL_var': False, 'embed_var': False}","[[0.01643673 0.02632377]
 [0.01695607 0.08650781]]",2,1,1,2,4,1,2,4,gurobipy,gurobi,3600.0,0,462,248,458,0,4,790.7840001583099,394.4369140237658,58038209.0,2358770.0,10,0.0,0.00020580650399894956,0.00020580650399894956,0
.\Experiments\Track_k_e_2_reruns\Track_k_e_2_reruns_r5_c5,Track_k_e_2_reruns_r5_c5,5,1,0,2,2,0,4,2,.\data\toy_track_k_enc_config_2.json,.\trained_transformer\TNN_traj_enc_2.keras,"[[[0.016436733305454254, 0.026323769241571426], [0.016956068575382233, 0.08650781214237213]]]","{'LN_var': True, 'LN_mean': False, 'LN_num': False, 'LN_num_squ': False, 'LN_denom': False, 'LN_num_squ_sum': False, 'MHA_Q': True, 'MHA_K': True, 'MHA_V': True, 'MHA_attn_weight_sum': False, 'MHA_attn_weight': False, 'MHA_compat': True, 'MHA_compat_exp': True, 'MHA_compat_exp_sum': True, 'MHA_QK_MC': True, 'MHA_WK_MC': True, 'MHA_attn_score': True, 'MHA_output': True, 'RES_var': True, 'MHA_softmax_env': False, 'AVG_POOL_var': False, 'embed_var': False}","[[0.01643673 0.02632377]
 [0.01695607 0.08650781]]",2,1,1,2,4,1,2,5,gurobipy,gurobi,3600.0,0,462,264,458,0,4,1421.7539999485016,718.2213325899079,153978619.0,4345318.0,10,8.688361402455493e-05,0.00020582438676552788,0.0002058065039989513,0
.\Experiments\Track_k_e_2_reruns\Track_k_e_2_reruns_r5_c6,Track_k_e_2_reruns_r5_c6,5,1,0,2,2,0,4,2,.\data\toy_track_k_enc_config_2.json,.\trained_transformer\TNN_traj_enc_2.keras,"[[[0.016436733305454254, 0.026323769241571426], [0.016956068575382233, 0.08650781214237213]]]","{'LN_var': True, 'LN_mean': False, 'LN_num': False, 'LN_num_squ': False, 'LN_denom': False, 'LN_num_squ_sum': False, 'MHA_Q': True, 'MHA_K': True, 'MHA_V': True, 'MHA_attn_weight_sum': False, 'MHA_attn_weight': False, 'MHA_compat': True, 'MHA_compat_exp': True, 'MHA_compat_exp_sum': True, 'MHA_QK_MC': False, 'MHA_WK_MC': False, 'MHA_attn_score': True, 'MHA_output': True, 'RES_var': True, 'MHA_softmax_env': False, 'AVG_POOL_var': False, 'embed_var': False}","[[0.01643673 0.02632377]
 [0.01695607 0.08650781]]",2,1,1,2,4,1,2,6,gurobipy,gurobi,3600.0,0,462,248,458,0,4,384.17700004577637,189.0975265973545,31217095.0,1091379.0,10,6.448495907325372e-05,0.0002058197762788011,0.0002058065039989513,0
.\Experiments\Track_k_e_2_reruns\Track_k_e_2_reruns_r5_c7,Track_k_e_2_reruns_r5_c7,5,1,0,2,2,0,4,2,.\data\toy_track_k_enc_config_2.json,.\trained_transformer\TNN_traj_enc_2.keras,"[[[0.016436733305454254, 0.026323769241571426], [0.016956068575382233, 0.08650781214237213]]]","{'LN_var': False, 'LN_mean': False, 'LN_num': False, 'LN_num_squ': False, 'LN_denom': False, 'LN_num_squ_sum': False, 'MHA_Q': False, 'MHA_K': False, 'MHA_V': False, 'MHA_attn_weight_sum': False, 'MHA_attn_weight': False, 'MHA_compat': False, 'MHA_compat_exp': False, 'MHA_compat_exp_sum': False, 'MHA_QK_MC': False, 'MHA_WK_MC': False, 'MHA_attn_score': False, 'MHA_output': False, 'RES_var': False, 'MHA_softmax_env': False, 'AVG_POOL_var': False, 'embed_var': False}",,2,1,1,2,4,1,2,7,gurobipy,gurobi,3600.0,0,462,248,458,0,4,3600.0099999904633,1515.356863843543,666579097.0,50605152.0,0,inf,,0.00020580650399894956,0
