Name,Exp,Rep,Num Enc,Num Dec,Num Res,Num LN,Num AVGP,Num Dense,Num ReLu,Config File,Model,TNN Out Expected,Activated Bounds/Cuts,TNN Out,Enc Seq Len,Pred Len,Overlap,TNN Model Dims,TNN Head Dims,TNN Head Size,TNN Input Dim,Framework,Solver,Time Limit (seconds),Num Threads,Num Vars,Num Constraints,Num Cont Vars,Num Int Vars,Num Bin Vars,Run Time (s),Run Time (wu),Num Iters,Num Nodes Expl,Num Solns,Opt Gap,Obj Value,RNR Obj Value,RNR Iters
.\Experiments\Track_k_e\track_k_e_r1_c1,track_k_e_r1_c1,1,1,0,2,2,0,4,2,.\data\toy_track_k_enc_config_2.json,.\trained_transformer\TNN_traj_enc_2.keras,"[[[0.016436167061328888, 0.026324184611439705], [0.017838314175605774, 0.07409560680389404]]]","{'LN_var': True, 'LN_mean': True, 'LN_num': True, 'LN_num_squ': True, 'LN_denom': True, 'LN_num_squ_sum': True, 'MHA_Q': True, 'MHA_K': True, 'MHA_V': True, 'MHA_attn_weight_sum': True, 'MHA_attn_weight': True, 'MHA_compat': True, 'MHA_compat_exp': True, 'MHA_compat_exp_sum': True, 'MHA_QK_MC': True, 'MHA_WK_MC': True, 'MHA_attn_score': True, 'MHA_output': True, 'RES_var': True, 'MHA_softmax_env': False, 'AVG_POOL_var': False, 'embed_var': False}","[[0.01643617 0.02632418]
 [0.01783831 0.07409561]]",2,1,1,2,4,1,2,gurobipy,gurobi,21600.0,0,462,298,458,0,4,249.760999917984,119.10226344009361,18216220.0,927287.0,10,0.0,0.0007713852627360277,0.0007713852627360277,0
.\Experiments\Track_k_e\track_k_e_r1_c10,track_k_e_r1_c10,1,1,0,2,2,0,4,2,.\data\toy_track_k_enc_config_2.json,.\trained_transformer\TNN_traj_enc_2.keras,"[[[0.016436167061328888, 0.026324184611439705], [0.017838314175605774, 0.07409560680389404]]]","{'LN_var': True, 'LN_mean': True, 'LN_num': True, 'LN_num_squ': True, 'LN_denom': True, 'LN_num_squ_sum': True, 'MHA_Q': True, 'MHA_K': True, 'MHA_V': True, 'MHA_attn_weight_sum': False, 'MHA_attn_weight': False, 'MHA_compat': True, 'MHA_compat_exp': True, 'MHA_compat_exp_sum': True, 'MHA_QK_MC': True, 'MHA_WK_MC': True, 'MHA_attn_score': True, 'MHA_output': True, 'RES_var': False, 'MHA_softmax_env': False, 'AVG_POOL_var': False, 'embed_var': False}","[[0.01643617 0.02632418]
 [0.01783831 0.07409561]]",2,1,1,2,4,1,2,gurobipy,gurobi,21600.0,0,462,264,458,0,4,235.0130000114441,116.39887230676526,21013316.0,1037355.0,9,0.0,0.000772771028579102,0.000772771028579102,0
.\Experiments\Track_k_e\track_k_e_r1_c11,track_k_e_r1_c11,1,1,0,2,2,0,4,2,.\data\toy_track_k_enc_config_2.json,.\trained_transformer\TNN_traj_enc_2.keras,"[[[0.016436167061328888, 0.026324184611439705], [0.017838314175605774, 0.07409560680389404]]]","{'LN_var': True, 'LN_mean': True, 'LN_num': True, 'LN_num_squ': True, 'LN_denom': True, 'LN_num_squ_sum': True, 'MHA_Q': True, 'MHA_K': True, 'MHA_V': True, 'MHA_attn_weight_sum': False, 'MHA_attn_weight': False, 'MHA_compat': True, 'MHA_compat_exp': True, 'MHA_compat_exp_sum': True, 'MHA_QK_MC': False, 'MHA_WK_MC': False, 'MHA_attn_score': True, 'MHA_output': True, 'RES_var': True, 'MHA_softmax_env': False, 'AVG_POOL_var': False, 'embed_var': False}","[[0.01643617 0.02632418]
 [0.01783831 0.07409561]]",2,1,1,2,4,1,2,gurobipy,gurobi,21600.0,0,462,248,458,0,4,226.2369999885559,107.2484150065513,15986713.0,907353.0,10,0.0,0.0007820897984695463,0.0007820897984695463,0
.\Experiments\Track_k_e\track_k_e_r1_c12,track_k_e_r1_c12,1,1,0,2,2,0,4,2,.\data\toy_track_k_enc_config_2.json,.\trained_transformer\TNN_traj_enc_2.keras,"[[[0.016436167061328888, 0.026324184611439705], [0.017838314175605774, 0.07409560680389404]]]","{'LN_var': True, 'LN_mean': True, 'LN_num': True, 'LN_num_squ': True, 'LN_denom': True, 'LN_num_squ_sum': True, 'MHA_Q': True, 'MHA_K': True, 'MHA_V': True, 'MHA_attn_weight_sum': False, 'MHA_attn_weight': False, 'MHA_compat': True, 'MHA_compat_exp': True, 'MHA_compat_exp_sum': True, 'MHA_QK_MC': False, 'MHA_WK_MC': False, 'MHA_attn_score': True, 'MHA_output': True, 'RES_var': False, 'MHA_softmax_env': False, 'AVG_POOL_var': False, 'embed_var': False}","[[0.01643617 0.02632418]
 [0.01783831 0.07409561]]",2,1,1,2,4,1,2,gurobipy,gurobi,21600.0,0,462,248,458,0,4,384.71399998664856,107.2484150065513,15986713.0,907353.0,10,0.0,0.0007820897984695463,0.0007820897984695463,0
.\Experiments\Track_k_e\track_k_e_r1_c13,track_k_e_r1_c13,1,1,0,2,2,0,4,2,.\data\toy_track_k_enc_config_2.json,.\trained_transformer\TNN_traj_enc_2.keras,"[[[0.016436167061328888, 0.026324184611439705], [0.017838314175605774, 0.07409560680389404]]]","{'LN_var': True, 'LN_mean': True, 'LN_num': True, 'LN_num_squ': True, 'LN_denom': True, 'LN_num_squ_sum': True, 'MHA_Q': False, 'MHA_K': False, 'MHA_V': False, 'MHA_attn_weight_sum': False, 'MHA_attn_weight': False, 'MHA_compat': False, 'MHA_compat_exp': False, 'MHA_compat_exp_sum': False, 'MHA_QK_MC': True, 'MHA_WK_MC': True, 'MHA_attn_score': False, 'MHA_output': False, 'RES_var': True, 'MHA_softmax_env': False, 'AVG_POOL_var': False, 'embed_var': False}","[[0.01643617 0.02632418]
 [0.01783831 0.07409561]]",2,1,1,2,4,1,2,gurobipy,gurobi,21600.0,0,462,248,458,0,4,299.38699984550476,80.34808812556142,13516169.0,696598.0,5,0.0,0.0007727565743289137,0.0007727565743289137,0
.\Experiments\Track_k_e\track_k_e_r1_c14,track_k_e_r1_c14,1,1,0,2,2,0,4,2,.\data\toy_track_k_enc_config_2.json,.\trained_transformer\TNN_traj_enc_2.keras,"[[[0.016436167061328888, 0.026324184611439705], [0.017838314175605774, 0.07409560680389404]]]","{'LN_var': True, 'LN_mean': True, 'LN_num': True, 'LN_num_squ': True, 'LN_denom': True, 'LN_num_squ_sum': True, 'MHA_Q': False, 'MHA_K': False, 'MHA_V': False, 'MHA_attn_weight_sum': False, 'MHA_attn_weight': False, 'MHA_compat': False, 'MHA_compat_exp': False, 'MHA_compat_exp_sum': False, 'MHA_QK_MC': True, 'MHA_WK_MC': True, 'MHA_attn_score': False, 'MHA_output': False, 'RES_var': False, 'MHA_softmax_env': False, 'AVG_POOL_var': False, 'embed_var': False}","[[0.01643617 0.02632418]
 [0.01783831 0.07409561]]",2,1,1,2,4,1,2,gurobipy,gurobi,21600.0,0,462,248,458,0,4,296.8400001525879,80.34808812556142,13516169.0,696598.0,5,0.0,0.0007727565743289137,0.0007727565743289137,0
.\Experiments\Track_k_e\track_k_e_r1_c15,track_k_e_r1_c15,1,1,0,2,2,0,4,2,.\data\toy_track_k_enc_config_2.json,.\trained_transformer\TNN_traj_enc_2.keras,"[[[0.016436167061328888, 0.026324184611439705], [0.017838314175605774, 0.07409560680389404]]]","{'LN_var': True, 'LN_mean': True, 'LN_num': True, 'LN_num_squ': True, 'LN_denom': True, 'LN_num_squ_sum': True, 'MHA_Q': False, 'MHA_K': False, 'MHA_V': False, 'MHA_attn_weight_sum': False, 'MHA_attn_weight': False, 'MHA_compat': False, 'MHA_compat_exp': False, 'MHA_compat_exp_sum': False, 'MHA_QK_MC': False, 'MHA_WK_MC': False, 'MHA_attn_score': False, 'MHA_output': False, 'RES_var': True, 'MHA_softmax_env': False, 'AVG_POOL_var': False, 'embed_var': False}","[[0.01643617 0.02632418]
 [0.01783831 0.07409561]]",2,1,1,2,4,1,2,gurobipy,gurobi,21600.0,0,462,248,458,0,4,569.8090000152588,80.34808812556142,13516169.0,696598.0,5,0.0,0.0007727565743289137,0.0007727565743289137,0
.\Experiments\Track_k_e\track_k_e_r1_c16,track_k_e_r1_c16,1,1,0,2,2,0,4,2,.\data\toy_track_k_enc_config_2.json,.\trained_transformer\TNN_traj_enc_2.keras,"[[[0.016436167061328888, 0.026324184611439705], [0.017838314175605774, 0.07409560680389404]]]","{'LN_var': True, 'LN_mean': True, 'LN_num': True, 'LN_num_squ': True, 'LN_denom': True, 'LN_num_squ_sum': True, 'MHA_Q': False, 'MHA_K': False, 'MHA_V': False, 'MHA_attn_weight_sum': False, 'MHA_attn_weight': False, 'MHA_compat': False, 'MHA_compat_exp': False, 'MHA_compat_exp_sum': False, 'MHA_QK_MC': False, 'MHA_WK_MC': False, 'MHA_attn_score': False, 'MHA_output': False, 'RES_var': False, 'MHA_softmax_env': False, 'AVG_POOL_var': False, 'embed_var': False}","[[0.01643617 0.02632418]
 [0.01783831 0.07409561]]",2,1,1,2,4,1,2,gurobipy,gurobi,21600.0,0,462,248,458,0,4,152.2739999294281,80.34808812556142,13516169.0,696598.0,5,0.0,0.0007727565743289137,0.0007727565743289137,0
.\Experiments\Track_k_e\track_k_e_r1_c17,track_k_e_r1_c17,1,1,0,2,2,0,4,2,.\data\toy_track_k_enc_config_2.json,.\trained_transformer\TNN_traj_enc_2.keras,"[[[0.016436167061328888, 0.026324184611439705], [0.017838314175605774, 0.07409560680389404]]]","{'LN_var': True, 'LN_mean': False, 'LN_num': False, 'LN_num_squ': False, 'LN_denom': False, 'LN_num_squ_sum': False, 'MHA_Q': True, 'MHA_K': True, 'MHA_V': True, 'MHA_attn_weight_sum': True, 'MHA_attn_weight': True, 'MHA_compat': True, 'MHA_compat_exp': True, 'MHA_compat_exp_sum': True, 'MHA_QK_MC': True, 'MHA_WK_MC': True, 'MHA_attn_score': True, 'MHA_output': True, 'RES_var': True, 'MHA_softmax_env': False, 'AVG_POOL_var': False, 'embed_var': False}","[[0.01643617 0.02632418]
 [0.01783831 0.07409561]]",2,1,1,2,4,1,2,gurobipy,gurobi,21600.0,0,462,298,458,0,4,13155.156999826431,5100.309180457305,759864339.0,31319618.0,10,7.640383382251833e-06,0.00021896967681151076,0.00021896800379923084,0
.\Experiments\Track_k_e\track_k_e_r1_c18,track_k_e_r1_c18,1,1,0,2,2,0,4,2,.\data\toy_track_k_enc_config_2.json,.\trained_transformer\TNN_traj_enc_2.keras,"[[[0.016436167061328888, 0.026324184611439705], [0.017838314175605774, 0.07409560680389404]]]","{'LN_var': True, 'LN_mean': False, 'LN_num': False, 'LN_num_squ': False, 'LN_denom': False, 'LN_num_squ_sum': False, 'MHA_Q': True, 'MHA_K': True, 'MHA_V': True, 'MHA_attn_weight_sum': True, 'MHA_attn_weight': True, 'MHA_compat': True, 'MHA_compat_exp': True, 'MHA_compat_exp_sum': True, 'MHA_QK_MC': True, 'MHA_WK_MC': True, 'MHA_attn_score': True, 'MHA_output': True, 'RES_var': False, 'MHA_softmax_env': False, 'AVG_POOL_var': False, 'embed_var': False}","[[0.01643617 0.02632418]
 [0.01783831 0.07409561]]",2,1,1,2,4,1,2,gurobipy,gurobi,21600.0,0,462,298,458,0,4,10293.131999969482,5100.309180457305,759864339.0,31319618.0,10,7.640383382251833e-06,0.00021896967681151076,0.00021896800379923084,0
.\Experiments\Track_k_e\track_k_e_r1_c19,track_k_e_r1_c19,1,1,0,2,2,0,4,2,.\data\toy_track_k_enc_config_2.json,.\trained_transformer\TNN_traj_enc_2.keras,"[[[0.016436167061328888, 0.026324184611439705], [0.017838314175605774, 0.07409560680389404]]]","{'LN_var': True, 'LN_mean': False, 'LN_num': False, 'LN_num_squ': False, 'LN_denom': False, 'LN_num_squ_sum': False, 'MHA_Q': True, 'MHA_K': True, 'MHA_V': True, 'MHA_attn_weight_sum': True, 'MHA_attn_weight': True, 'MHA_compat': True, 'MHA_compat_exp': True, 'MHA_compat_exp_sum': True, 'MHA_QK_MC': False, 'MHA_WK_MC': False, 'MHA_attn_score': True, 'MHA_output': True, 'RES_var': True, 'MHA_softmax_env': False, 'AVG_POOL_var': False, 'embed_var': False}","[[0.01643617 0.02632418]
 [0.01783831 0.07409561]]",2,1,1,2,4,1,2,gurobipy,gurobi,21600.0,0,462,250,458,0,4,1050.146999835968,546.1684777616587,81372685.0,2767972.0,10,3.685997525975782e-05,0.0002189760752519471,0.00021896800379923084,0
.\Experiments\Track_k_e\track_k_e_r1_c2,track_k_e_r1_c2,1,1,0,2,2,0,4,2,.\data\toy_track_k_enc_config_2.json,.\trained_transformer\TNN_traj_enc_2.keras,"[[[0.016436167061328888, 0.026324184611439705], [0.017838314175605774, 0.07409560680389404]]]","{'LN_var': True, 'LN_mean': True, 'LN_num': True, 'LN_num_squ': True, 'LN_denom': True, 'LN_num_squ_sum': True, 'MHA_Q': True, 'MHA_K': True, 'MHA_V': True, 'MHA_attn_weight_sum': True, 'MHA_attn_weight': True, 'MHA_compat': True, 'MHA_compat_exp': True, 'MHA_compat_exp_sum': True, 'MHA_QK_MC': True, 'MHA_WK_MC': True, 'MHA_attn_score': True, 'MHA_output': True, 'RES_var': False, 'MHA_softmax_env': False, 'AVG_POOL_var': False, 'embed_var': False}","[[0.01643617 0.02632418]
 [0.01783831 0.07409561]]",2,1,1,2,4,1,2,gurobipy,gurobi,21600.0,0,462,298,458,0,4,248.48600006103516,119.10226344009361,18216220.0,927287.0,10,0.0,0.0007713852627360277,0.0007713852627360277,0
.\Experiments\Track_k_e\track_k_e_r1_c20,track_k_e_r1_c20,1,1,0,2,2,0,4,2,.\data\toy_track_k_enc_config_2.json,.\trained_transformer\TNN_traj_enc_2.keras,"[[[0.016436167061328888, 0.026324184611439705], [0.017838314175605774, 0.07409560680389404]]]","{'LN_var': True, 'LN_mean': False, 'LN_num': False, 'LN_num_squ': False, 'LN_denom': False, 'LN_num_squ_sum': False, 'MHA_Q': True, 'MHA_K': True, 'MHA_V': True, 'MHA_attn_weight_sum': True, 'MHA_attn_weight': True, 'MHA_compat': True, 'MHA_compat_exp': True, 'MHA_compat_exp_sum': True, 'MHA_QK_MC': False, 'MHA_WK_MC': False, 'MHA_attn_score': True, 'MHA_output': True, 'RES_var': False, 'MHA_softmax_env': False, 'AVG_POOL_var': False, 'embed_var': False}","[[0.01643617 0.02632418]
 [0.01783831 0.07409561]]",2,1,1,2,4,1,2,gurobipy,gurobi,21600.0,0,462,250,458,0,4,1037.8310000896454,546.1684777616587,81372685.0,2767972.0,10,3.685997525975782e-05,0.0002189760752519471,0.00021896800379923084,0
.\Experiments\Track_k_e\track_k_e_r1_c21,track_k_e_r1_c21,1,1,0,2,2,0,4,2,.\data\toy_track_k_enc_config_2.json,.\trained_transformer\TNN_traj_enc_2.keras,"[[[0.016436167061328888, 0.026324184611439705], [0.017838314175605774, 0.07409560680389404]]]","{'LN_var': True, 'LN_mean': False, 'LN_num': False, 'LN_num_squ': False, 'LN_denom': False, 'LN_num_squ_sum': False, 'MHA_Q': False, 'MHA_K': False, 'MHA_V': False, 'MHA_attn_weight_sum': True, 'MHA_attn_weight': True, 'MHA_compat': False, 'MHA_compat_exp': False, 'MHA_compat_exp_sum': False, 'MHA_QK_MC': True, 'MHA_WK_MC': True, 'MHA_attn_score': False, 'MHA_output': False, 'RES_var': True, 'MHA_softmax_env': False, 'AVG_POOL_var': False, 'embed_var': False}","[[0.01643617 0.02632418]
 [0.01783831 0.07409561]]",2,1,1,2,4,1,2,gurobipy,gurobi,21600.0,0,462,250,458,0,4,614.021999835968,311.73632358341445,49557259.0,1776112.0,10,6.651891421154054e-05,0.00021898257028203725,0.00021896800379923084,0
.\Experiments\Track_k_e\track_k_e_r1_c22,track_k_e_r1_c22,1,1,0,2,2,0,4,2,.\data\toy_track_k_enc_config_2.json,.\trained_transformer\TNN_traj_enc_2.keras,"[[[0.016436167061328888, 0.026324184611439705], [0.017838314175605774, 0.07409560680389404]]]","{'LN_var': True, 'LN_mean': False, 'LN_num': False, 'LN_num_squ': False, 'LN_denom': False, 'LN_num_squ_sum': False, 'MHA_Q': False, 'MHA_K': False, 'MHA_V': False, 'MHA_attn_weight_sum': True, 'MHA_attn_weight': True, 'MHA_compat': False, 'MHA_compat_exp': False, 'MHA_compat_exp_sum': False, 'MHA_QK_MC': True, 'MHA_WK_MC': True, 'MHA_attn_score': False, 'MHA_output': False, 'RES_var': False, 'MHA_softmax_env': False, 'AVG_POOL_var': False, 'embed_var': False}","[[0.01643617 0.02632418]
 [0.01783831 0.07409561]]",2,1,1,2,4,1,2,gurobipy,gurobi,21600.0,0,462,250,458,0,4,596.4809999465942,311.73632358341445,49557259.0,1776112.0,10,6.651891421154054e-05,0.00021898257028203725,0.00021896800379923084,0
.\Experiments\Track_k_e\track_k_e_r1_c23,track_k_e_r1_c23,1,1,0,2,2,0,4,2,.\data\toy_track_k_enc_config_2.json,.\trained_transformer\TNN_traj_enc_2.keras,"[[[0.016436167061328888, 0.026324184611439705], [0.017838314175605774, 0.07409560680389404]]]","{'LN_var': True, 'LN_mean': False, 'LN_num': False, 'LN_num_squ': False, 'LN_denom': False, 'LN_num_squ_sum': False, 'MHA_Q': False, 'MHA_K': False, 'MHA_V': False, 'MHA_attn_weight_sum': True, 'MHA_attn_weight': True, 'MHA_compat': False, 'MHA_compat_exp': False, 'MHA_compat_exp_sum': False, 'MHA_QK_MC': False, 'MHA_WK_MC': False, 'MHA_attn_score': False, 'MHA_output': False, 'RES_var': True, 'MHA_softmax_env': False, 'AVG_POOL_var': False, 'embed_var': False}","[[0.01643617 0.02632418]
 [0.01783831 0.07409561]]",2,1,1,2,4,1,2,gurobipy,gurobi,21600.0,0,462,250,458,0,4,602.1519999504089,311.73632358341445,49557259.0,1776112.0,10,6.651891421154054e-05,0.00021898257028203725,0.00021896800379923084,0
.\Experiments\Track_k_e\track_k_e_r1_c24,track_k_e_r1_c24,1,1,0,2,2,0,4,2,.\data\toy_track_k_enc_config_2.json,.\trained_transformer\TNN_traj_enc_2.keras,"[[[0.016436167061328888, 0.026324184611439705], [0.017838314175605774, 0.07409560680389404]]]","{'LN_var': True, 'LN_mean': False, 'LN_num': False, 'LN_num_squ': False, 'LN_denom': False, 'LN_num_squ_sum': False, 'MHA_Q': False, 'MHA_K': False, 'MHA_V': False, 'MHA_attn_weight_sum': True, 'MHA_attn_weight': True, 'MHA_compat': False, 'MHA_compat_exp': False, 'MHA_compat_exp_sum': False, 'MHA_QK_MC': False, 'MHA_WK_MC': False, 'MHA_attn_score': False, 'MHA_output': False, 'RES_var': False, 'MHA_softmax_env': False, 'AVG_POOL_var': False, 'embed_var': False}","[[0.01643617 0.02632418]
 [0.01783831 0.07409561]]",2,1,1,2,4,1,2,gurobipy,gurobi,21600.0,0,462,250,458,0,4,912.1289999485016,311.73632358341445,49557259.0,1776112.0,10,6.651891421154054e-05,0.00021898257028203725,0.00021896800379923084,0
.\Experiments\Track_k_e\track_k_e_r1_c25,track_k_e_r1_c25,1,1,0,2,2,0,4,2,.\data\toy_track_k_enc_config_2.json,.\trained_transformer\TNN_traj_enc_2.keras,"[[[0.016436167061328888, 0.026324184611439705], [0.017838314175605774, 0.07409560680389404]]]","{'LN_var': True, 'LN_mean': False, 'LN_num': False, 'LN_num_squ': False, 'LN_denom': False, 'LN_num_squ_sum': False, 'MHA_Q': True, 'MHA_K': True, 'MHA_V': True, 'MHA_attn_weight_sum': False, 'MHA_attn_weight': False, 'MHA_compat': True, 'MHA_compat_exp': True, 'MHA_compat_exp_sum': True, 'MHA_QK_MC': True, 'MHA_WK_MC': True, 'MHA_attn_score': True, 'MHA_output': True, 'RES_var': True, 'MHA_softmax_env': False, 'AVG_POOL_var': False, 'embed_var': False}","[[0.01643617 0.02632418]
 [0.01783831 0.07409561]]",2,1,1,2,4,1,2,gurobipy,gurobi,21600.0,0,462,264,458,0,4,4183.483999967575,2342.392400815635,540285754.0,19002711.0,10,2.356711053569021e-05,0.00021897316436399975,0.00021896800379923084,0
.\Experiments\Track_k_e\track_k_e_r1_c26,track_k_e_r1_c26,1,1,0,2,2,0,4,2,.\data\toy_track_k_enc_config_2.json,.\trained_transformer\TNN_traj_enc_2.keras,"[[[0.016436167061328888, 0.026324184611439705], [0.017838314175605774, 0.07409560680389404]]]","{'LN_var': True, 'LN_mean': False, 'LN_num': False, 'LN_num_squ': False, 'LN_denom': False, 'LN_num_squ_sum': False, 'MHA_Q': True, 'MHA_K': True, 'MHA_V': True, 'MHA_attn_weight_sum': False, 'MHA_attn_weight': False, 'MHA_compat': True, 'MHA_compat_exp': True, 'MHA_compat_exp_sum': True, 'MHA_QK_MC': True, 'MHA_WK_MC': True, 'MHA_attn_score': True, 'MHA_output': True, 'RES_var': False, 'MHA_softmax_env': False, 'AVG_POOL_var': False, 'embed_var': False}","[[0.01643617 0.02632418]
 [0.01783831 0.07409561]]",2,1,1,2,4,1,2,gurobipy,gurobi,21600.0,0,462,264,458,0,4,4174.964999914169,2342.392400815635,540285754.0,19002711.0,10,2.356711053569021e-05,0.00021897316436399975,0.00021896800379923084,0
.\Experiments\Track_k_e\track_k_e_r1_c27,track_k_e_r1_c27,1,1,0,2,2,0,4,2,.\data\toy_track_k_enc_config_2.json,.\trained_transformer\TNN_traj_enc_2.keras,"[[[0.016436167061328888, 0.026324184611439705], [0.017838314175605774, 0.07409560680389404]]]","{'LN_var': True, 'LN_mean': False, 'LN_num': False, 'LN_num_squ': False, 'LN_denom': False, 'LN_num_squ_sum': False, 'MHA_Q': True, 'MHA_K': True, 'MHA_V': True, 'MHA_attn_weight_sum': False, 'MHA_attn_weight': False, 'MHA_compat': True, 'MHA_compat_exp': True, 'MHA_compat_exp_sum': True, 'MHA_QK_MC': False, 'MHA_WK_MC': False, 'MHA_attn_score': True, 'MHA_output': True, 'RES_var': True, 'MHA_softmax_env': False, 'AVG_POOL_var': False, 'embed_var': False}","[[0.01643617 0.02632418]
 [0.01783831 0.07409561]]",2,1,1,2,4,1,2,gurobipy,gurobi,21600.0,0,462,248,458,0,4,7165.075000047684,3873.4091607909495,626477603.0,23845081.0,10,0.0,0.00021896800379923344,0.00021896800379923084,0
.\Experiments\Track_k_e\track_k_e_r1_c28,track_k_e_r1_c28,1,1,0,2,2,0,4,2,.\data\toy_track_k_enc_config_2.json,.\trained_transformer\TNN_traj_enc_2.keras,"[[[0.016436167061328888, 0.026324184611439705], [0.017838314175605774, 0.07409560680389404]]]","{'LN_var': True, 'LN_mean': False, 'LN_num': False, 'LN_num_squ': False, 'LN_denom': False, 'LN_num_squ_sum': False, 'MHA_Q': True, 'MHA_K': True, 'MHA_V': True, 'MHA_attn_weight_sum': False, 'MHA_attn_weight': False, 'MHA_compat': True, 'MHA_compat_exp': True, 'MHA_compat_exp_sum': True, 'MHA_QK_MC': False, 'MHA_WK_MC': False, 'MHA_attn_score': True, 'MHA_output': True, 'RES_var': False, 'MHA_softmax_env': False, 'AVG_POOL_var': False, 'embed_var': False}","[[0.01643617 0.02632418]
 [0.01783831 0.07409561]]",2,1,1,2,4,1,2,gurobipy,gurobi,21600.0,0,462,248,458,0,4,7211.671000003815,3873.4091607909495,626477603.0,23845081.0,10,0.0,0.00021896800379923344,0.00021896800379923084,0
.\Experiments\Track_k_e\track_k_e_r1_c29,track_k_e_r1_c29,1,1,0,2,2,0,4,2,.\data\toy_track_k_enc_config_2.json,.\trained_transformer\TNN_traj_enc_2.keras,"[[[0.016436167061328888, 0.026324184611439705], [0.017838314175605774, 0.07409560680389404]]]","{'LN_var': True, 'LN_mean': False, 'LN_num': False, 'LN_num_squ': False, 'LN_denom': False, 'LN_num_squ_sum': False, 'MHA_Q': False, 'MHA_K': False, 'MHA_V': False, 'MHA_attn_weight_sum': False, 'MHA_attn_weight': False, 'MHA_compat': False, 'MHA_compat_exp': False, 'MHA_compat_exp_sum': False, 'MHA_QK_MC': True, 'MHA_WK_MC': True, 'MHA_attn_score': False, 'MHA_output': False, 'RES_var': True, 'MHA_softmax_env': False, 'AVG_POOL_var': False, 'embed_var': False}","[[0.01643617 0.02632418]
 [0.01783831 0.07409561]]",2,1,1,2,4,1,2,gurobipy,gurobi,21600.0,0,462,248,458,0,4,3587.1189999580383,1952.3043529835513,333227275.0,12328385.0,10,2.3963734609041363e-05,0.00021897325121610946,0.00021896800379923084,0
.\Experiments\Track_k_e\track_k_e_r1_c3,track_k_e_r1_c3,1,1,0,2,2,0,4,2,.\data\toy_track_k_enc_config_2.json,.\trained_transformer\TNN_traj_enc_2.keras,"[[[0.016436167061328888, 0.026324184611439705], [0.017838314175605774, 0.07409560680389404]]]","{'LN_var': True, 'LN_mean': True, 'LN_num': True, 'LN_num_squ': True, 'LN_denom': True, 'LN_num_squ_sum': True, 'MHA_Q': True, 'MHA_K': True, 'MHA_V': True, 'MHA_attn_weight_sum': True, 'MHA_attn_weight': True, 'MHA_compat': True, 'MHA_compat_exp': True, 'MHA_compat_exp_sum': True, 'MHA_QK_MC': False, 'MHA_WK_MC': False, 'MHA_attn_score': True, 'MHA_output': True, 'RES_var': True, 'MHA_softmax_env': False, 'AVG_POOL_var': False, 'embed_var': False}","[[0.01643617 0.02632418]
 [0.01783831 0.07409561]]",2,1,1,2,4,1,2,gurobipy,gurobi,21600.0,0,462,250,458,0,4,582.2090001106262,285.53759859486337,48758422.0,2175644.0,8,0.0,0.0007719674885280957,0.0007719674885280957,0
.\Experiments\Track_k_e\track_k_e_r1_c30,track_k_e_r1_c30,1,1,0,2,2,0,4,2,.\data\toy_track_k_enc_config_2.json,.\trained_transformer\TNN_traj_enc_2.keras,"[[[0.016436167061328888, 0.026324184611439705], [0.017838314175605774, 0.07409560680389404]]]","{'LN_var': True, 'LN_mean': False, 'LN_num': False, 'LN_num_squ': False, 'LN_denom': False, 'LN_num_squ_sum': False, 'MHA_Q': False, 'MHA_K': False, 'MHA_V': False, 'MHA_attn_weight_sum': False, 'MHA_attn_weight': False, 'MHA_compat': False, 'MHA_compat_exp': False, 'MHA_compat_exp_sum': False, 'MHA_QK_MC': True, 'MHA_WK_MC': True, 'MHA_attn_score': False, 'MHA_output': False, 'RES_var': False, 'MHA_softmax_env': False, 'AVG_POOL_var': False, 'embed_var': False}","[[0.01643617 0.02632418]
 [0.01783831 0.07409561]]",2,1,1,2,4,1,2,gurobipy,gurobi,21600.0,0,462,248,458,0,4,3610.1979999542236,1952.3043529835513,333227275.0,12328385.0,10,2.3963734609041363e-05,0.00021897325121610946,0.00021896800379923084,0
.\Experiments\Track_k_e\track_k_e_r1_c31,track_k_e_r1_c31,1,1,0,2,2,0,4,2,.\data\toy_track_k_enc_config_2.json,.\trained_transformer\TNN_traj_enc_2.keras,"[[[0.016436167061328888, 0.026324184611439705], [0.017838314175605774, 0.07409560680389404]]]","{'LN_var': True, 'LN_mean': False, 'LN_num': False, 'LN_num_squ': False, 'LN_denom': False, 'LN_num_squ_sum': False, 'MHA_Q': False, 'MHA_K': False, 'MHA_V': False, 'MHA_attn_weight_sum': False, 'MHA_attn_weight': False, 'MHA_compat': False, 'MHA_compat_exp': False, 'MHA_compat_exp_sum': False, 'MHA_QK_MC': False, 'MHA_WK_MC': False, 'MHA_attn_score': False, 'MHA_output': False, 'RES_var': True, 'MHA_softmax_env': False, 'AVG_POOL_var': False, 'embed_var': False}","[[0.01643617 0.02632418]
 [0.01783831 0.07409561]]",2,1,1,2,4,1,2,gurobipy,gurobi,21600.0,0,462,248,458,0,4,3642.576999902725,1952.3043529835513,333227275.0,12328385.0,10,2.3963734609041363e-05,0.00021897325121610946,0.00021896800379923084,0
.\Experiments\Track_k_e\track_k_e_r1_c32,track_k_e_r1_c32,1,1,0,2,2,0,4,2,.\data\toy_track_k_enc_config_2.json,.\trained_transformer\TNN_traj_enc_2.keras,"[[[0.016436167061328888, 0.026324184611439705], [0.017838314175605774, 0.07409560680389404]]]","{'LN_var': True, 'LN_mean': False, 'LN_num': False, 'LN_num_squ': False, 'LN_denom': False, 'LN_num_squ_sum': False, 'MHA_Q': False, 'MHA_K': False, 'MHA_V': False, 'MHA_attn_weight_sum': False, 'MHA_attn_weight': False, 'MHA_compat': False, 'MHA_compat_exp': False, 'MHA_compat_exp_sum': False, 'MHA_QK_MC': False, 'MHA_WK_MC': False, 'MHA_attn_score': False, 'MHA_output': False, 'RES_var': False, 'MHA_softmax_env': False, 'AVG_POOL_var': False, 'embed_var': False}","[[0.01643617 0.02632418]
 [0.01783831 0.07409561]]",2,1,1,2,4,1,2,gurobipy,gurobi,21600.0,0,462,248,458,0,4,3643.1429998874664,1952.3043529835513,333227275.0,12328385.0,10,2.3963734609041363e-05,0.00021897325121610946,0.00021896800379923084,0
.\Experiments\Track_k_e\track_k_e_r1_c33,track_k_e_r1_c33,1,1,0,2,2,0,4,2,.\data\toy_track_k_enc_config_2.json,.\trained_transformer\TNN_traj_enc_2.keras,"[[[0.016436167061328888, 0.026324184611439705], [0.017838314175605774, 0.07409560680389404]]]","{'LN_var': False, 'LN_mean': True, 'LN_num': True, 'LN_num_squ': True, 'LN_denom': True, 'LN_num_squ_sum': True, 'MHA_Q': True, 'MHA_K': True, 'MHA_V': True, 'MHA_attn_weight_sum': True, 'MHA_attn_weight': True, 'MHA_compat': True, 'MHA_compat_exp': True, 'MHA_compat_exp_sum': True, 'MHA_QK_MC': True, 'MHA_WK_MC': True, 'MHA_attn_score': True, 'MHA_output': True, 'RES_var': True, 'MHA_softmax_env': False, 'AVG_POOL_var': False, 'embed_var': False}","[[0.01643617 0.02632418]
 [0.01783831 0.07409561]]",2,1,1,2,4,1,2,gurobipy,gurobi,21600.0,0,462,250,458,0,4,21600.075999975204,7610.24031553847,2206501477.0,274001160.0,0,inf,,0.00021896800379923084,0
.\Experiments\Track_k_e\track_k_e_r1_c34,track_k_e_r1_c34,1,1,0,2,2,0,4,2,.\data\toy_track_k_enc_config_2.json,.\trained_transformer\TNN_traj_enc_2.keras,"[[[0.016436167061328888, 0.026324184611439705], [0.017838314175605774, 0.07409560680389404]]]","{'LN_var': False, 'LN_mean': True, 'LN_num': True, 'LN_num_squ': True, 'LN_denom': True, 'LN_num_squ_sum': True, 'MHA_Q': True, 'MHA_K': True, 'MHA_V': True, 'MHA_attn_weight_sum': True, 'MHA_attn_weight': True, 'MHA_compat': True, 'MHA_compat_exp': True, 'MHA_compat_exp_sum': True, 'MHA_QK_MC': True, 'MHA_WK_MC': True, 'MHA_attn_score': True, 'MHA_output': True, 'RES_var': False, 'MHA_softmax_env': False, 'AVG_POOL_var': False, 'embed_var': False}","[[0.01643617 0.02632418]
 [0.01783831 0.07409561]]",2,1,1,2,4,1,2,gurobipy,gurobi,21600.0,0,462,250,458,0,4,74469.51800012589,3769.3772787225594,846096667.0,142482226.0,0,inf,,0.00021896800379923084,0
.\Experiments\Track_k_e\track_k_e_r1_c4,track_k_e_r1_c4,1,1,0,2,2,0,4,2,.\data\toy_track_k_enc_config_2.json,.\trained_transformer\TNN_traj_enc_2.keras,"[[[0.016436167061328888, 0.026324184611439705], [0.017838314175605774, 0.07409560680389404]]]","{'LN_var': True, 'LN_mean': True, 'LN_num': True, 'LN_num_squ': True, 'LN_denom': True, 'LN_num_squ_sum': True, 'MHA_Q': True, 'MHA_K': True, 'MHA_V': True, 'MHA_attn_weight_sum': True, 'MHA_attn_weight': True, 'MHA_compat': True, 'MHA_compat_exp': True, 'MHA_compat_exp_sum': True, 'MHA_QK_MC': False, 'MHA_WK_MC': False, 'MHA_attn_score': True, 'MHA_output': True, 'RES_var': False, 'MHA_softmax_env': False, 'AVG_POOL_var': False, 'embed_var': False}","[[0.01643617 0.02632418]
 [0.01783831 0.07409561]]",2,1,1,2,4,1,2,gurobipy,gurobi,21600.0,0,462,250,458,0,4,583.6960000991821,285.53759859486337,48758422.0,2175644.0,8,0.0,0.0007719674885280957,0.0007719674885280957,0
.\Experiments\Track_k_e\track_k_e_r1_c5,track_k_e_r1_c5,1,1,0,2,2,0,4,2,.\data\toy_track_k_enc_config_2.json,.\trained_transformer\TNN_traj_enc_2.keras,"[[[0.016436167061328888, 0.026324184611439705], [0.017838314175605774, 0.07409560680389404]]]","{'LN_var': True, 'LN_mean': True, 'LN_num': True, 'LN_num_squ': True, 'LN_denom': True, 'LN_num_squ_sum': True, 'MHA_Q': False, 'MHA_K': False, 'MHA_V': False, 'MHA_attn_weight_sum': True, 'MHA_attn_weight': True, 'MHA_compat': False, 'MHA_compat_exp': False, 'MHA_compat_exp_sum': False, 'MHA_QK_MC': True, 'MHA_WK_MC': True, 'MHA_attn_score': False, 'MHA_output': False, 'RES_var': True, 'MHA_softmax_env': False, 'AVG_POOL_var': False, 'embed_var': False}","[[0.01643617 0.02632418]
 [0.01783831 0.07409561]]",2,1,1,2,4,1,2,gurobipy,gurobi,21600.0,0,462,250,458,0,4,1450.4029998779297,694.560303299082,156543786.0,5752290.0,10,0.0,0.0007718394207529653,0.0007718394207529653,0
.\Experiments\Track_k_e\track_k_e_r1_c6,track_k_e_r1_c6,1,1,0,2,2,0,4,2,.\data\toy_track_k_enc_config_2.json,.\trained_transformer\TNN_traj_enc_2.keras,"[[[0.016436167061328888, 0.026324184611439705], [0.017838314175605774, 0.07409560680389404]]]","{'LN_var': True, 'LN_mean': True, 'LN_num': True, 'LN_num_squ': True, 'LN_denom': True, 'LN_num_squ_sum': True, 'MHA_Q': False, 'MHA_K': False, 'MHA_V': False, 'MHA_attn_weight_sum': True, 'MHA_attn_weight': True, 'MHA_compat': False, 'MHA_compat_exp': False, 'MHA_compat_exp_sum': False, 'MHA_QK_MC': True, 'MHA_WK_MC': True, 'MHA_attn_score': False, 'MHA_output': False, 'RES_var': False, 'MHA_softmax_env': False, 'AVG_POOL_var': False, 'embed_var': False}","[[0.01643617 0.02632418]
 [0.01783831 0.07409561]]",2,1,1,2,4,1,2,gurobipy,gurobi,21600.0,0,462,250,458,0,4,1442.2009999752045,694.560303299082,156543786.0,5752290.0,10,0.0,0.0007718394207529653,0.0007718394207529653,0
.\Experiments\Track_k_e\track_k_e_r1_c7,track_k_e_r1_c7,1,1,0,2,2,0,4,2,.\data\toy_track_k_enc_config_2.json,.\trained_transformer\TNN_traj_enc_2.keras,"[[[0.016436167061328888, 0.026324184611439705], [0.017838314175605774, 0.07409560680389404]]]","{'LN_var': True, 'LN_mean': True, 'LN_num': True, 'LN_num_squ': True, 'LN_denom': True, 'LN_num_squ_sum': True, 'MHA_Q': False, 'MHA_K': False, 'MHA_V': False, 'MHA_attn_weight_sum': True, 'MHA_attn_weight': True, 'MHA_compat': False, 'MHA_compat_exp': False, 'MHA_compat_exp_sum': False, 'MHA_QK_MC': False, 'MHA_WK_MC': False, 'MHA_attn_score': False, 'MHA_output': False, 'RES_var': True, 'MHA_softmax_env': False, 'AVG_POOL_var': False, 'embed_var': False}","[[0.01643617 0.02632418]
 [0.01783831 0.07409561]]",2,1,1,2,4,1,2,gurobipy,gurobi,21600.0,0,462,250,458,0,4,1395.4400000572205,694.560303299082,156543786.0,5752290.0,10,0.0,0.0007718394207529653,0.0007718394207529653,0
.\Experiments\Track_k_e\track_k_e_r1_c8,track_k_e_r1_c8,1,1,0,2,2,0,4,2,.\data\toy_track_k_enc_config_2.json,.\trained_transformer\TNN_traj_enc_2.keras,"[[[0.016436167061328888, 0.026324184611439705], [0.017838314175605774, 0.07409560680389404]]]","{'LN_var': True, 'LN_mean': True, 'LN_num': True, 'LN_num_squ': True, 'LN_denom': True, 'LN_num_squ_sum': True, 'MHA_Q': False, 'MHA_K': False, 'MHA_V': False, 'MHA_attn_weight_sum': True, 'MHA_attn_weight': True, 'MHA_compat': False, 'MHA_compat_exp': False, 'MHA_compat_exp_sum': False, 'MHA_QK_MC': False, 'MHA_WK_MC': False, 'MHA_attn_score': False, 'MHA_output': False, 'RES_var': False, 'MHA_softmax_env': False, 'AVG_POOL_var': False, 'embed_var': False}","[[0.01643617 0.02632418]
 [0.01783831 0.07409561]]",2,1,1,2,4,1,2,gurobipy,gurobi,21600.0,0,462,250,458,0,4,1435.582999944687,694.560303299082,156543786.0,5752290.0,10,0.0,0.0007718394207529653,0.0007718394207529653,0
.\Experiments\Track_k_e\track_k_e_r1_c9,track_k_e_r1_c9,1,1,0,2,2,0,4,2,.\data\toy_track_k_enc_config_2.json,.\trained_transformer\TNN_traj_enc_2.keras,"[[[0.016436167061328888, 0.026324184611439705], [0.017838314175605774, 0.07409560680389404]]]","{'LN_var': True, 'LN_mean': True, 'LN_num': True, 'LN_num_squ': True, 'LN_denom': True, 'LN_num_squ_sum': True, 'MHA_Q': True, 'MHA_K': True, 'MHA_V': True, 'MHA_attn_weight_sum': False, 'MHA_attn_weight': False, 'MHA_compat': True, 'MHA_compat_exp': True, 'MHA_compat_exp_sum': True, 'MHA_QK_MC': True, 'MHA_WK_MC': True, 'MHA_attn_score': True, 'MHA_output': True, 'RES_var': True, 'MHA_softmax_env': False, 'AVG_POOL_var': False, 'embed_var': False}","[[0.01643617 0.02632418]
 [0.01783831 0.07409561]]",2,1,1,2,4,1,2,gurobipy,gurobi,21600.0,0,462,264,458,0,4,239.3199999332428,116.39887230676526,21013316.0,1037355.0,9,0.0,0.000772771028579102,0.000772771028579102,0
